Ticker;Sector;Industry
CURB;Finance;Real estate investment trusts
MELI;Retail trade;Internet retail
HSII;Commercial services;Personnel services
ORGO;Health technology;Medical specialties
TWI;Producer manufacturing;Auto parts: OEM
SLP;Technology services;Packaged software
LH;Health services;Medical/Nursing services
CTLP;Commercial services;Miscellaneous commercial services
AIR;Electronic technology;Aerospace & defense
VCTR;Finance;Investment managers
LRN;Consumer services;Other consumer services
CLMT;Energy minerals;Oil refining/Marketing
PRA;Finance;Property/Casualty insurance
PODD;Health technology;Medical specialties
FFBC;Finance;Regional banks
IEX;Producer manufacturing;Industrial machinery
HCSG;Commercial services;Miscellaneous commercial services
WGS;Health services;Medical/Nursing services
MIRM;Health technology;Pharmaceuticals: major
GVA;Industrial services;Engineering & construction
SIBN;Health technology;Medical specialties
TARS;Health technology;Pharmaceuticals: major
AGIO;Health technology;Pharmaceuticals: major
IVT;Finance;Real estate investment trusts
PRTA;Health technology;Biotechnology
ALDX;Health technology;Biotechnology
ACIW;Technology services;Packaged software
RGNX;Health technology;Pharmaceuticals: major
REVG;Consumer durables;Motor vehicles
FICO;Commercial services;Financial publishing/Services
ARKO;Retail trade;Food retail
SANM;Electronic technology;Electronic production equipment
RIGL;Health technology;Pharmaceuticals: major
ENTA;Health technology;Pharmaceuticals: major
ATMU;Producer manufacturing;Auto parts: OEM
AXGN;Health technology;Medical specialties
TTGT;Technology services;Data processing services
IMXI;Commercial services;Miscellaneous commercial services
DIN;Consumer services;Restaurants
HONE;Finance;Regional banks
BR;Technology services;Information technology services
VTLE;Energy minerals;Oil & gas production
RYAM;Process industries;Chemicals: specialty
JBI;Producer manufacturing;Building products
XENE;Health technology;Pharmaceuticals: major
UHS;Health services;Hospital/Nursing management
OSW;Consumer services;Other consumer services
DAKT;Producer manufacturing;Miscellaneous manufacturing
TRTX;Finance;Real estate investment trusts
NOC;Electronic technology;Aerospace & defense
KNF;Non-energy minerals;Construction materials
MH;Commercial services;Miscellaneous commercial services
JBGS;Finance;Real estate investment trusts
CHEF;Distribution services;Food distributors
FCPT;Finance;Real estate investment trusts
AMRC;Industrial services;Engineering & construction
BLZE;Electronic technology;Computer peripherals
EWTX;Health technology;Biotechnology
ANGO;Health technology;Medical specialties
CMPO;Commercial services;Commercial printing/Forms
HTLD;Transportation;Trucking
ALMS;Health technology;Pharmaceuticals: major
SMA;Finance;Real estate investment trusts
MDXG;Health technology;Medical specialties
CNO;Finance;Multi-line insurance
TEX;Producer manufacturing;Trucks/Construction/Farm machinery
MAX;Technology services;Information technology services
EPC;Consumer non-durables;Household/Personal care
UTI;Commercial services;Miscellaneous commercial services
OII;Producer manufacturing;Industrial machinery
VNDA;Health technology;Pharmaceuticals: major
PAYS;Commercial services;Miscellaneous commercial services
SBCF;Finance;Regional banks
GNK;Transportation;Marine shipping
DHC;Finance;Real estate investment trusts
TRNO;Finance;Real estate investment trusts
UE;Finance;Real estate investment trusts
PSIX;Producer manufacturing;Industrial machinery
CINF;Finance;Multi-line insurance
HI;Producer manufacturing;Industrial conglomerates
SPNT;Finance;Property/Casualty insurance
SWBI;Electronic technology;Aerospace & defense
LILAK;Communications;Major telecommunications
ACLX;Health technology;Biotechnology
GOOD;Finance;Real estate investment trusts
PHR;Technology services;Packaged software
ZBRA;Electronic technology;Computer processing hardware
AMBA;Electronic technology;Semiconductors
LDOS;Technology services;Packaged software
ORA;Utilities;Electric utilities
TDW;Transportation;Marine shipping
ROOT;Finance;Insurance brokers/Services
ACCO;Producer manufacturing;Office equipment/Supplies
STE;Health technology;Medical specialties
KROS;Health technology;Pharmaceuticals: major
XPER;Technology services;Packaged software
RDN;Finance;Specialty insurance
CDP;Finance;Real estate investment trusts
WST;Health technology;Medical specialties
GL;Finance;Multi-line insurance
KYMR;Health technology;Biotechnology
LIF;Technology services;Packaged software
KN;Electronic technology;Electronic components
RHP;Finance;Real estate investment trusts
HNRG;Energy minerals;Coal
WHD;Industrial services;Oilfield services/Equipment
RBBN;Technology services;Packaged software
HUBG;Transportation;Air freight/Couriers
NJR;Utilities;Gas distributors
EYPT;Health technology;Pharmaceuticals: major
PAYC;Technology services;Packaged software
PACS;Health services;Hospital/Nursing management
AMCX;Consumer services;Cable/Satellite TV
PTC;Technology services;Packaged software
MRTN;Transportation;Trucking
MLKN;Producer manufacturing;Office equipment/Supplies
NAVI;Finance;Finance/Rental/Leasing
EBS;Health technology;Pharmaceuticals: major
UPBD;Finance;Finance/Rental/Leasing
PLYM;Finance;Real estate investment trusts
STEP;Finance;Investment managers
SPIR;Technology services;Packaged software
RWT;Finance;Real estate investment trusts
ADAM;Finance;Real estate investment trusts
ULTA;Retail trade;Specialty stores
EGAN;Technology services;Internet software/Services
ASGN;Technology services;Information technology services
PRM;Process industries;Chemicals: major diversified
HAE;Health technology;Medical specialties
DNTH;Health technology;Biotechnology
WAB;Producer manufacturing;Trucks/Construction/Farm machinery
EPAM;Technology services;Information technology services
KW;Finance;Real estate development
BIPC;Utilities;Gas distributors
XHR;Finance;Real estate investment trusts
GCMG;Finance;Investment managers
CNNE;Consumer services;Restaurants
HROW;Health technology;Pharmaceuticals: major
FCF;Finance;Regional banks
STNG;Transportation;Marine shipping
CRL;Commercial services;Miscellaneous commercial services
ODP;Retail trade;Specialty stores
PECO;Finance;Real estate investment trusts
THS;Consumer non-durables;Food: specialty/candy
AIP;Electronic technology;Semiconductors
VRE;Finance;Real estate investment trusts
RAMP;Technology services;Packaged software
RDNT;Health services;Medical/Nursing services
HUBB;Producer manufacturing;Electrical products
CMPX;Health technology;Pharmaceuticals: major
PRTH;Technology services;Packaged software
L;Finance;Property/Casualty insurance
NMAX;Consumer services;Broadcasting
MSI;Electronic technology;Telecommunications equipment
SKY;Consumer durables;Homebuilding
MRCY;Electronic technology;Aerospace & defense
MOD;Producer manufacturing;Industrial machinery
UMH;Finance;Real estate investment trusts
GRAL;Health technology;Medical specialties
MD;Health services;Medical/Nursing services
KLC;Consumer services;Other consumer services
AVB;Finance;Real estate investment trusts
LASR;Electronic technology;Semiconductors
CIM;Finance;Real estate investment trusts
ACLS;Producer manufacturing;Industrial machinery
ESNT;Finance;Specialty insurance
ATO;Utilities;Gas distributors
AHCO;Finance;Finance/Rental/Leasing
JBTM;Producer manufacturing;Industrial machinery
CDTX;Health technology;Pharmaceuticals: other
MNRO;Retail trade;Specialty stores
RRR;Consumer services;Hotels/Resorts/Cruise lines
CFFN;Finance;Savings banks
PRVA;Finance;Life/Health insurance
UCB;Finance;Regional banks
BKE;Retail trade;Apparel/Footwear retail
NPKI;Producer manufacturing;Building products
SLDB;Health technology;Biotechnology
CRSR;Technology services;Packaged software
XPRO;Energy minerals;Oil & gas production
VIR;Health technology;Biotechnology
ITRI;Electronic technology;Electronic equipment/Instruments
PARR;Energy minerals;Oil refining/Marketing
ALE;Utilities;Alternative power generation
CMRC;Technology services;Packaged software
KMT;Producer manufacturing;Industrial machinery
DOLE;Distribution services;Food distributors
ZD;Technology services;Internet software/Services
PFS;Finance;Savings banks
PDM;Finance;Real estate investment trusts
PUBM;Technology services;Internet software/Services
RXST;Electronic technology;Electronic components
WAT;Health technology;Medical specialties
TK;Transportation;Marine shipping
AMLX;Health technology;Pharmaceuticals: major
NCMI;Commercial services;Advertising/Marketing services
HOPE;Finance;Major banks
FA;Technology services;Packaged software
SUPN;Health technology;Pharmaceuticals: major
CVLT;Technology services;Packaged software
MFH;Technology services;Information technology services
GCT;Distribution services;Wholesale distributors
MAGN;Process industries;Textiles
ZWS;Producer manufacturing;Industrial machinery
MCK;Distribution services;Medical distributors
HCC;Energy minerals;Coal
MMS;Commercial services;Miscellaneous commercial services
GRMN;Electronic technology;Telecommunications equipment
TPH;Consumer durables;Homebuilding
IMNM;Health technology;Biotechnology
KREF;Finance;Real estate investment trusts
CVBF;Finance;Regional banks
AVY;Process industries;Pulp & paper
NWS;Consumer services;Publishing: newspapers
PKG;Process industries;Containers/Packaging
MLNK;Technology services;Packaged software
BV;Commercial services;Miscellaneous commercial services
XMTR;Technology services;Information technology services
TMDX;Health technology;Medical specialties
HLIT;Electronic technology;Telecommunications equipment
TDS;Communications;Wireless telecommunications
AUB;Finance;Regional banks
HRMY;Health technology;Pharmaceuticals: major
FDMT;Health technology;Biotechnology
TKO;Consumer services;Movies/Entertainment
FORM;Electronic technology;Semiconductors
LADR;Finance;Real estate investment trusts
WSBC;Finance;Regional banks
INN;Finance;Real estate investment trusts
PAR;Electronic technology;Electronic equipment/Instruments
KAR;Technology services;Packaged software
MC;Finance;Investment banks/Brokers
JANX;Health technology;Biotechnology
TXNM;Utilities;Electric utilities
ROP;Technology services;Packaged software
UTZ;Consumer non-durables;Food: specialty/candy
INVA;Health technology;Pharmaceuticals: major
SDRL;Industrial services;Contract drilling
JELD;Non-energy minerals;Forest products
DGX;Health services;Services to the health industry
AUPH;Health technology;Biotechnology
KALV;Health technology;Pharmaceuticals: major
CAL;Retail trade;Apparel/Footwear retail
RYTM;Health technology;Pharmaceuticals: major
VRSN;Technology services;Internet software/Services
SMPL;Consumer non-durables;Food: major diversified
NWBI;Finance;Savings banks
PSNL;Health services;Medical/Nursing services
IT;Technology services;Internet software/Services
COR;Distribution services;Medical distributors
GPC;Distribution services;Wholesale distributors
AVAV;Electronic technology;Aerospace & defense
DVA;Health services;Medical/Nursing services
QNST;Commercial services;Advertising/Marketing services
BYRN;Electronic technology;Aerospace & defense
PLAB;Electronic technology;Electronic production equipment
WTTR;Utilities;Water utilities
ATRO;Electronic technology;Aerospace & defense
NSC;Transportation;Railroads
FFIV;Technology services;Packaged software
SNCY;Transportation;Airlines
FWRD;Transportation;Trucking
BETR;Finance;Finance/Rental/Leasing
APPN;Technology services;Packaged software
OPFI;Finance;Finance/Rental/Leasing
ALKT;Technology services;Packaged software
MPWR;Electronic technology;Semiconductors
BRSP;Finance;Real estate investment trusts
NTGR;Technology services;Information technology services
NX;Producer manufacturing;Building products
ADEA;Technology services;Packaged software
EGY;Energy minerals;Integrated oil
BWIN;Finance;Multi-line insurance
DC;Non-energy minerals;Precious metals
GDYN;Technology services;Information technology services
ENR;Consumer non-durables;Household/Personal care
CLPT;Health technology;Medical specialties
CRNX;Health technology;Pharmaceuticals: major
NABL;Technology services;Packaged software
CRCT;Distribution services;Wholesale distributors
SDGR;Technology services;Packaged software
LAUR;Commercial services;Miscellaneous commercial services
UBSI;Finance;Regional banks
PRIM;Industrial services;Engineering & construction
SPHR;Consumer services;Media conglomerates
MTH;Consumer durables;Homebuilding
YEXT;Technology services;Data processing services
ARI;Finance;Real estate investment trusts
LFMD;Health services;Medical/Nursing services
HGV;Finance;Real estate development
FFWM;Finance;Regional banks
CALM;Process industries;Agricultural commodities/Milling
SXC;Non-energy minerals;Steel
FBRT;Finance;Real estate investment trusts
BL;Technology services;Packaged software
MOH;Health services;Managed health care
STAA;Health technology;Medical specialties
CLB;Energy minerals;Oil & gas production
ICHR;Producer manufacturing;Industrial machinery
CDNA;Health technology;Medical specialties
CELC;Health technology;Medical specialties
CTKB;Health technology;Medical specialties
LXEO;Health technology;Biotechnology
DAWN;Health technology;Pharmaceuticals: major
IART;Health technology;Medical specialties
DOMO;Technology services;Packaged software
NVRI;Industrial services;Environmental services
CTRI;Utilities;Gas distributors
AMPL;Technology services;Packaged software
HQY;Finance;Investment managers
PFG;Finance;Investment managers
APGE;Health technology;Biotechnology
LHX;Electronic technology;Aerospace & defense
VITL;Process industries;Agricultural commodities/Milling
TERN;Health technology;Biotechnology
AON;Finance;Insurance brokers/Services
WEAV;Technology services;Packaged software
PRKS;Consumer services;Movies/Entertainment
GBCI;Finance;Regional banks
CON;Health services;Medical/Nursing services
TENB;Technology services;Packaged software
VMC;Non-energy minerals;Construction materials
GD;Electronic technology;Aerospace & defense
FIBK;Finance;Regional banks
VBTX;Finance;Regional banks
VCYT;Health technology;Medical specialties
WWW;Consumer non-durables;Apparel/Footwear
PGNY;Commercial services;Miscellaneous commercial services
SIG;Retail trade;Specialty stores
NAGE;Health technology;Pharmaceuticals: other
UNFI;Distribution services;Food distributors
MHK;Producer manufacturing;Building products
AIRS;Health technology;Medical specialties
NOW;Technology services;Packaged software
AMBC;Finance;Specialty insurance
ADTN;Electronic technology;Computer peripherals
RJF;Finance;Investment managers
CMI;Producer manufacturing;Auto parts: OEM
MWA;Producer manufacturing;Industrial machinery
SITC;Finance;Real estate investment trusts
AVPT;Technology services;Packaged software
VCEL;Health technology;Pharmaceuticals: major
CCOI;Communications;Major telecommunications
MRC;Distribution services;Wholesale distributors
VRDN;Health technology;Pharmaceuticals: major
MAA;Finance;Real estate investment trusts
NTRS;Finance;Investment managers
GTLS;Producer manufacturing;Industrial machinery
PWR;Industrial services;Engineering & construction
TTWO;Technology services;Packaged software
CSTM;Non-energy minerals;Aluminum
ENOV;Health technology;Medical specialties
VRSK;Technology services;Data processing services
XYL;Producer manufacturing;Industrial machinery
KOD;Health technology;Biotechnology
PNW;Utilities;Electric utilities
ANGI;Technology services;Internet software/Services
BCAX;Health technology;Pharmaceuticals: major
TRV;Finance;Property/Casualty insurance
COCO;Consumer non-durables;Food: specialty/candy
CTOS;Finance;Finance/Rental/Leasing
SVRA;Health technology;Pharmaceuticals: major
COHU;Electronic technology;Semiconductors
CAPR;Health technology;Pharmaceuticals: major
EXPI;Finance;Real estate development
CRC;Energy minerals;Integrated oil
SEM;Health services;Hospital/Nursing management
FBK;Finance;Major banks
SKT;Finance;Real estate investment trusts
HLMN;Distribution services;Wholesale distributors
PRGS;Technology services;Packaged software
FTRE;Commercial services;Miscellaneous commercial services
SHAK;Consumer services;Restaurants
AHH;Finance;Real estate investment trusts
KNTK;Industrial services;Oil & gas pipelines
AOS;Producer manufacturing;Building products
ZYME;Health technology;Pharmaceuticals: major
CBRL;Consumer services;Restaurants
SMLR;Health technology;Medical specialties
FIGS;Consumer non-durables;Apparel/Footwear
DCTH;Health technology;Medical specialties
EXTR;Electronic technology;Computer peripherals
YOU;Technology services;Packaged software
STLD;Non-energy minerals;Steel
CBOE;Finance;Investment banks/Brokers
LFST;Health services;Medical/Nursing services
JBL;Producer manufacturing;Industrial machinery
BKU;Finance;Major banks
VSH;Electronic technology;Electronic production equipment
NESR;Industrial services;Oilfield services/Equipment
JBHT;Transportation;Trucking
FDS;Technology services;Data processing services
KEYS;Electronic technology;Electronic equipment/Instruments
EFC;Finance;Real estate investment trusts
GTN;Consumer services;Broadcasting
PTCT;Health technology;Pharmaceuticals: major
SOLV;Health services;Medical/Nursing services
OUT;Finance;Real estate investment trusts
FIP;Consumer services;Other consumer services
FOX;Consumer services;Broadcasting
DVAX;Health technology;Biotechnology
MTSR;Health technology;Pharmaceuticals: major
MYGN;Health technology;Medical specialties
CLDX;Health technology;Biotechnology
REG;Finance;Real estate investment trusts
CECO;Producer manufacturing;Industrial machinery
SMTC;Electronic technology;Semiconductors
WSM;Retail trade;Specialty stores
ACMR;Producer manufacturing;Industrial machinery
RMD;Health technology;Medical specialties
RPD;Technology services;Information technology services
GLNG;Industrial services;Oil & gas pipelines
PENG;Electronic technology;Semiconductors
DNOW;Distribution services;Wholesale distributors
NTST;Finance;Real estate investment trusts
CRVS;Health technology;Pharmaceuticals: major
MRX;Technology services;Internet software/Services
SFNC;Finance;Major banks
AMBP;Process industries;Containers/Packaging
GDDY;Technology services;Data processing services
CDZI;Finance;Real estate development
GBTG;Consumer services;Other consumer services
IRM;Finance;Real estate investment trusts
ALL;Finance;Multi-line insurance
PNR;Producer manufacturing;Industrial machinery
TXT;Electronic technology;Aerospace & defense
INTA;Technology services;Packaged software
GSAT;Communications;Wireless telecommunications
J;Technology services;Data processing services
CATX;Health technology;Medical specialties
REGN;Health technology;Pharmaceuticals: major
CVI;Energy minerals;Oil refining/Marketing
ELME;Finance;Real estate investment trusts
AVDL;Health technology;Pharmaceuticals: major
CAKE;Consumer services;Restaurants
PWP;Finance;Investment managers
FLYW;Commercial services;Miscellaneous commercial services
ZVRA;Health technology;Pharmaceuticals: major
HOLX;Health technology;Medical specialties
VERA;Health technology;Biotechnology
CNR;Energy minerals;Coal
NMRK;Finance;Real estate development
ARLO;Electronic technology;Telecommunications equipment
PRCT;Health technology;Medical specialties
VRNT;Technology services;Information technology services
EOLS;Health technology;Pharmaceuticals: major
VMEO;Technology services;Internet software/Services
CXM;Technology services;Packaged software
ARQT;Health technology;Pharmaceuticals: major
VC;Producer manufacturing;Auto parts: OEM
HLT;Consumer services;Hotels/Resorts/Cruise lines
VRTX;Health technology;Pharmaceuticals: major
JKHY;Technology services;Packaged software
KLAC;Electronic technology;Semiconductors
ADNT;Producer manufacturing;Auto parts: OEM
CXW;Commercial services;Miscellaneous commercial services
RVLV;Retail trade;Internet retail
RSG;Industrial services;Environmental services
PHLT;Commercial services;Miscellaneous commercial services
ALGN;Health technology;Medical specialties
ECVT;Process industries;Chemicals: specialty
GLUE;Health technology;Biotechnology
CARG;Technology services;Internet software/Services
ALLE;Consumer durables;Tools & hardware
DRI;Consumer services;Restaurants
FBP;Finance;Regional banks
DTE;Utilities;Electric utilities
VYX;Technology services;Packaged software
TRMB;Technology services;Packaged software
CI;Health services;Managed health care
WK;Technology services;Information technology services
VERX;Technology services;Packaged software
PMT;Finance;Real estate investment trusts
QDEL;Health technology;Medical specialties
LMT;Electronic technology;Aerospace & defense
BOX;Technology services;Information technology services
MCO;Commercial services;Financial publishing/Services
SGRY;Health services;Hospital/Nursing management
ROK;Producer manufacturing;Electrical products
AMN;Commercial services;Personnel services
HLF;Consumer non-durables;Food: major diversified
VRRM;Transportation;Other transportation
CPRX;Health technology;Pharmaceuticals: major
TVTX;Health technology;Pharmaceuticals: major
DOV;Producer manufacturing;Industrial machinery
ARCT;Health technology;Pharmaceuticals: major
URGN;Health technology;Biotechnology
BFH;Finance;Finance/Rental/Leasing
AVXL;Health technology;Biotechnology
SHOO;Consumer non-durables;Apparel/Footwear
ITW;Producer manufacturing;Auto parts: OEM
SLNO;Health technology;Pharmaceuticals: major
GKOS;Health technology;Medical specialties
HP;Industrial services;Contract drilling
PSA;Finance;Real estate investment trusts
EFX;Commercial services;Financial publishing/Services
QTWO;Technology services;Information technology services
DLR;Finance;Real estate investment trusts
APTV;Producer manufacturing;Electrical products
A;Health technology;Medical specialties
BLK;Finance;Investment managers
TMHC;Consumer durables;Homebuilding
STGW;Commercial services;Miscellaneous commercial services
CRI;Retail trade;Apparel/Footwear retail
ASO;Retail trade;Specialty stores
MFA;Finance;Real estate investment trusts
DK;Energy minerals;Oil refining/Marketing
RES;Industrial services;Oilfield services/Equipment
WERN;Transportation;Trucking
POR;Utilities;Electric utilities
GDOT;Finance;Finance/Rental/Leasing
YELP;Technology services;Internet software/Services
ORKA;Health technology;Pharmaceuticals: major
BDX;Health technology;Medical specialties
BBT;Finance;Regional banks
ABUS;Health technology;Pharmaceuticals: major
SCS;Producer manufacturing;Office equipment/Supplies
MTB;Finance;Regional banks
TROW;Finance;Investment managers
HLX;Industrial services;Oilfield services/Equipment
SLG;Finance;Real estate investment trusts
RVTY;Health technology;Medical specialties
SVV;Retail trade;Specialty stores
HELE;Consumer durables;Home furnishings
ADPT;Health technology;Biotechnology
KGS;Industrial services;Oilfield services/Equipment
RZLT;Health technology;Pharmaceuticals: major
HASI;Finance;Investment managers
VAL;Industrial services;Contract drilling
SPNS;Technology services;Packaged software
OLMA;Health technology;Pharmaceuticals: major
CPRI;Retail trade;Apparel/Footwear retail
ARWR;Health technology;Biotechnology
CBRE;Finance;Real estate development
FDX;Transportation;Air freight/Couriers
EVEX;Electronic technology;Aerospace & defense
AHR;Finance;Real estate investment trusts
MBC;Consumer durables;Home furnishings
ECL;Process industries;Chemicals: specialty
AJG;Finance;Insurance brokers/Services
ZIP;Technology services;Internet software/Services
INTU;Technology services;Packaged software
HWC;Finance;Regional banks
HRTG;Finance;Property/Casualty insurance
LENZ;Health technology;Pharmaceuticals: major
DE;Producer manufacturing;Trucks/Construction/Farm machinery
CB;Finance;Property/Casualty insurance
SBAC;Finance;Real estate investment trusts
MLYS;Health technology;Biotechnology
EAT;Consumer services;Restaurants
NRIX;Health technology;Biotechnology
REAX;Commercial services;Miscellaneous commercial services
RPAY;Commercial services;Miscellaneous commercial services
BIIB;Health technology;Pharmaceuticals: major
EXR;Finance;Real estate investment trusts
KODK;Producer manufacturing;Industrial machinery
SYK;Health technology;Medical specialties
MRVI;Health technology;Biotechnology
IMAX;Consumer durables;Electronics/Appliances
TGTX;Health technology;Pharmaceuticals: major
ADP;Technology services;Packaged software
SHO;Finance;Real estate investment trusts
INCY;Health technology;Pharmaceuticals: major
MAR;Consumer services;Hotels/Resorts/Cruise lines
CARS;Technology services;Internet software/Services
ARE;Finance;Real estate investment trusts
SEZL;Technology services;Packaged software
TEL;Electronic technology;Semiconductors
ESRT;Finance;Real estate investment trusts
CENX;Non-energy minerals;Aluminum
ACDC;Industrial services;Oilfield services/Equipment
OI;Process industries;Containers/Packaging
FWRG;Consumer services;Restaurants
NUE;Non-energy minerals;Steel
GRPN;Retail trade;Internet retail
WYNN;Consumer services;Casinos/Gaming
VRNS;Technology services;Packaged software
CDW;Technology services;Information technology services
ADSK;Technology services;Packaged software
NEXN;Technology services;Packaged software
APD;Process industries;Chemicals: specialty
HIG;Finance;Property/Casualty insurance
ZBH;Health technology;Medical specialties
TWST;Health technology;Biotechnology
GNL;Finance;Real estate investment trusts
CGON;Health technology;Biotechnology
IDYA;Health technology;Pharmaceuticals: major
HAS;Consumer durables;Recreational products
CHTR;Consumer services;Cable/Satellite TV
PPG;Process industries;Industrial specialties
RCUS;Health technology;Biotechnology
IDR;Non-energy minerals;Precious metals
LEU;Non-energy minerals;Other metals/Minerals
FTV;Electronic technology;Electronic equipment/Instruments
DNA;Health services;Medical/Nursing services
WM;Industrial services;Environmental services
EQR;Finance;Real estate investment trusts
MPC;Energy minerals;Oil refining/Marketing
LW;Consumer non-durables;Food: specialty/candy
CHD;Consumer non-durables;Household/Personal care
HOMB;Finance;Regional banks
TLS;Technology services;Information technology services
AAP;Retail trade;Specialty stores
CMC;Non-energy minerals;Steel
GNRC;Producer manufacturing;Electrical products
OMI;Health technology;Medical specialties
ED;Utilities;Electric utilities
AKAM;Technology services;Data processing services
IQV;Health technology;Biotechnology
GH;Health services;Medical/Nursing services
NOG;Energy minerals;Oil & gas production
OPCH;Health services;Medical/Nursing services
AME;Producer manufacturing;Electrical products
COGT;Health technology;Biotechnology
NN;Technology services;Packaged software
SPGI;Commercial services;Financial publishing/Services
EVH;Commercial services;Miscellaneous commercial services
LC;Finance;Major banks
VLTO;Producer manufacturing;Industrial machinery
EXPE;Consumer services;Other consumer services
EVRG;Utilities;Electric utilities
VSCO;Retail trade;Apparel/Footwear retail
NVCR;Health technology;Medical specialties
EMN;Process industries;Chemicals: specialty
ASB;Finance;Major banks
PBI;Technology services;Packaged software
CPT;Finance;Real estate investment trusts
AESI;Industrial services;Oilfield services/Equipment
AMRX;Health technology;Pharmaceuticals: major
ORIC;Health technology;Pharmaceuticals: major
LYV;Consumer services;Movies/Entertainment
MCW;Consumer services;Other consumer services
CRMD;Health technology;Biotechnology
CWH;Retail trade;Specialty stores
CCEP;Consumer non-durables;Beverages: non-alcoholic
EXPD;Transportation;Air freight/Couriers
HCA;Health services;Hospital/Nursing management
SONO;Consumer durables;Electronics/Appliances
BRSL;Consumer services;Casinos/Gaming
SPG;Finance;Real estate investment trusts
HE;Utilities;Electric utilities
ZS;Technology services;Packaged software
HSIC;Distribution services;Medical distributors
SFL;Transportation;Marine shipping
EPRT;Finance;Real estate investment trusts
CGEM;Health technology;Pharmaceuticals: major
WVE;Health technology;Biotechnology
VTEX;Technology services;Information technology services
RCL;Consumer services;Hotels/Resorts/Cruise lines
TOI;Health services;Medical/Nursing services
PINC;Health services;Hospital/Nursing management
BRZE;Technology services;Internet software/Services
CHRW;Transportation;Air freight/Couriers
AIOT;Electronic technology;Telecommunications equipment
RLAY;Health technology;Biotechnology
CTRE;Finance;Real estate investment trusts
RMBS;Electronic technology;Semiconductors
AKR;Finance;Real estate investment trusts
IFF;Consumer non-durables;Food: specialty/candy
TMO;Health technology;Medical specialties
RNA;Health technology;Biotechnology
CDNS;Technology services;Packaged software
HSY;Consumer non-durables;Food: specialty/candy
CLX;Consumer non-durables;Household/Personal care
MBX;Health technology;Biotechnology
SEMR;Technology services;Packaged software
AVAH;Health services;Medical/Nursing services
CMS;Utilities;Electric utilities
CNX;Energy minerals;Oil & gas production
ABR;Finance;Real estate investment trusts
AWK;Utilities;Water utilities
GOGO;Communications;Wireless telecommunications
VSTM;Health technology;Biotechnology
DPZ;Consumer services;Restaurants
TALO;Energy minerals;Oil & gas production
ELV;Health services;Managed health care
PHAT;Health technology;Pharmaceuticals: major
PUMP;Industrial services;Oilfield services/Equipment
AEE;Utilities;Electric utilities
FIVN;Technology services;Packaged software
SPRY;Health technology;Pharmaceuticals: major
VOYG;Technology services;Information technology services
LIN;Process industries;Chemicals: specialty
TTMI;Electronic technology;Electronic components
WRB;Finance;Multi-line insurance
SNDX;Health technology;Biotechnology
CF;Process industries;Chemicals: agricultural
UPWK;Commercial services;Personnel services
ETN;Producer manufacturing;Electrical products
ALHC;Health services;Managed health care
NRG;Utilities;Electric utilities
PBF;Energy minerals;Oil refining/Marketing
BUR;Finance;Finance/Rental/Leasing
TECH;Health technology;Biotechnology
TXG;Health technology;Biotechnology
TRGP;Utilities;Gas distributors
EYE;Retail trade;Specialty stores
PRCH;Finance;Property/Casualty insurance
GCI;Consumer services;Publishing: newspapers
SJM;Consumer non-durables;Food: specialty/candy
KMB;Consumer non-durables;Household/Personal care
MUR;Energy minerals;Oil & gas production
LTH;Consumer services;Other consumer services
KURA;Health technology;Biotechnology
CWK;Finance;Real estate development
DAN;Producer manufacturing;Auto parts: OEM
WAY;Technology services;Packaged software
TDUP;Retail trade;Internet retail
UDMY;Technology services;Packaged software
FULT;Finance;Major banks
FANG;Energy minerals;Oil & gas production
BKSY;Technology services;Packaged software
RXO;Technology services;Packaged software
BXMT;Finance;Real estate investment trusts
SRTA;Health services;Medical/Nursing services
AFL;Finance;Multi-line insurance
PRU;Finance;Life/Health insurance
WDAY;Technology services;Information technology services
LMND;Finance;Property/Casualty insurance
AIRO;Electronic technology;Aerospace & defense
LZ;Commercial services;Miscellaneous commercial services
ACGL;Finance;Multi-line insurance
LNT;Utilities;Electric utilities
CADE;Finance;Major banks
VTR;Finance;Real estate investment trusts
PD;Technology services;Packaged software
GTX;Producer manufacturing;Auto parts: OEM
LEG;Consumer durables;Home furnishings
XERS;Health technology;Biotechnology
AEHR;Electronic technology;Electronic production equipment
LQDA;Health technology;Pharmaceuticals: major
KRG;Finance;Real estate investment trusts
DRVN;Consumer services;Other consumer services
TWO;Finance;Real estate investment trusts
NE;Industrial services;Contract drilling
STT;Finance;Investment banks/Brokers
WRBY;Retail trade;Specialty stores
CME;Finance;Investment banks/Brokers
JACK;Consumer services;Restaurants
TT;Producer manufacturing;Industrial machinery
IAS;Technology services;Packaged software
IMVT;Health technology;Biotechnology
TRIP;Consumer services;Other consumer services
LRMR;Health technology;Biotechnology
HWM;Electronic technology;Aerospace & defense
PTGX;Health technology;Pharmaceuticals: major
CADL;Health technology;Biotechnology
STOK;Health technology;Biotechnology
BRO;Finance;Insurance brokers/Services
TSSI;Technology services;Information technology services
SATS;Communications;Specialty telecommunications
AMSC;Producer manufacturing;Electrical products
GEO;Commercial services;Miscellaneous commercial services
ROL;Commercial services;Miscellaneous commercial services
WNS;Commercial services;Miscellaneous commercial services
PLAY;Consumer services;Movies/Entertainment
COST;Retail trade;Specialty stores
LLY;Health technology;Pharmaceuticals: major
ANF;Retail trade;Apparel/Footwear retail
PSX;Energy minerals;Oil refining/Marketing
ADCT;Health technology;Pharmaceuticals: major
VLO;Energy minerals;Oil refining/Marketing
K;Consumer non-durables;Food: specialty/candy
RLJ;Finance;Real estate investment trusts
LKQ;Consumer durables;Automotive aftermarket
ZGN;Consumer non-durables;Apparel/Footwear
MAS;Producer manufacturing;Building products
REZI;Distribution services;Electronics distributors
AMGN;Health technology;Biotechnology
EMR;Electronic technology;Electronic equipment/Instruments
AEVA;Electronic technology;Semiconductors
DASH;Transportation;Air freight/Couriers
WEC;Utilities;Electric utilities
GPN;Commercial services;Miscellaneous commercial services
LION;Consumer services;Movies/Entertainment
TRI;Technology services;Internet software/Services
TPR;Retail trade;Apparel/Footwear retail
DAY;Technology services;Packaged software
ALT;Health technology;Biotechnology
MMC;Finance;Insurance brokers/Services
SYY;Distribution services;Food distributors
BEAM;Health technology;Biotechnology
DHT;Transportation;Marine shipping
JAMF;Technology services;Packaged software
INOD;Technology services;Data processing services
VSTS;Consumer non-durables;Apparel/Footwear
MGY;Energy minerals;Oil & gas production
ROST;Retail trade;Apparel/Footwear retail
COUR;Technology services;Internet software/Services
KBH;Consumer durables;Homebuilding
ISRG;Health technology;Medical specialties
YUM;Consumer services;Restaurants
BLDR;Retail trade;Home improvement chains
BNL;Finance;Real estate investment trusts
EDIT;Health technology;Biotechnology
ATEC;Health technology;Medical specialties
PLTK;Technology services;Packaged software
TAP;Consumer non-durables;Beverages: alcoholic
VIAV;Technology services;Information technology services
EVLV;Electronic technology;Electronic equipment/Instruments
ARHS;Consumer durables;Home furnishings
URBN;Retail trade;Apparel/Footwear retail
BMBL;Technology services;Packaged software
CYTK;Health technology;Pharmaceuticals: major
FSLR;Electronic technology;Semiconductors
PCAR;Producer manufacturing;Trucks/Construction/Farm machinery
DYN;Health technology;Biotechnology
OTIS;Industrial services;Engineering & construction
MODG;Consumer durables;Recreational products
AKRO;Health technology;Pharmaceuticals: major
VECO;Electronic technology;Electronic production equipment
FOXA;Consumer services;Broadcasting
UNIT;Finance;Real estate investment trusts
RSI;Consumer services;Casinos/Gaming
MXL;Electronic technology;Semiconductors
DHR;Health technology;Medical specialties
TGNA;Consumer services;Broadcasting
SWKS;Electronic technology;Semiconductors
GO;Retail trade;Food retail
TNGX;Health technology;Biotechnology
NXT;Electronic technology;Electronic equipment/Instruments
PCVX;Health technology;Biotechnology
BG;Process industries;Agricultural commodities/Milling
DEI;Finance;Real estate investment trusts
UNP;Transportation;Railroads
INDV;Health technology;Pharmaceuticals: major
NTAP;Electronic technology;Computer peripherals
BLMN;Consumer services;Restaurants
CAH;Distribution services;Medical distributors
SKYT;Producer manufacturing;Industrial machinery
LNTH;Health technology;Medical specialties
MGNI;Technology services;Packaged software
BZAI;Electronic technology;Semiconductors
NXPI;Electronic technology;Semiconductors
CCI;Finance;Real estate investment trusts
NFLX;Technology services;Internet software/Services
BDN;Finance;Real estate investment trusts
BBBY;Retail trade;Internet retail
TALK;Health services;Medical/Nursing services
ASPN;Process industries;Industrial specialties
ASML;Electronic technology;Semiconductors
MKC;Consumer non-durables;Food: specialty/candy
SPT;Technology services;Packaged software
AIV;Finance;Real estate investment trusts
PAYX;Technology services;Data processing services
AXL;Producer manufacturing;Auto parts: OEM
COO;Health technology;Medical specialties
CRK;Energy minerals;Oil & gas production
REAL;Retail trade;Internet retail
WOOF;Retail trade;Internet retail
RELY;Commercial services;Miscellaneous commercial services
SM;Energy minerals;Oil & gas production
APPS;Technology services;Packaged software
ARVN;Health technology;Biotechnology
BBIO;Health technology;Biotechnology
NDAQ;Finance;Investment banks/Brokers
SFIX;Retail trade;Apparel/Footwear retail
SANA;Health technology;Biotechnology
DECK;Consumer non-durables;Apparel/Footwear
ETNB;Health technology;Pharmaceuticals: major
GE;Electronic technology;Aerospace & defense
VSAT;Electronic technology;Telecommunications equipment
CRSP;Health technology;Biotechnology
GSM;Non-energy minerals;Other metals/Minerals
BXP;Finance;Real estate investment trusts
TRVI;Health technology;Biotechnology
HOUS;Finance;Real estate development
ACAD;Health technology;Pharmaceuticals: major
BTSG;Health services;Medical/Nursing services
PEG;Utilities;Electric utilities
MMM;Producer manufacturing;Industrial conglomerates
FSLY;Technology services;Information technology services
SWK;Consumer durables;Tools & hardware
GFS;Electronic technology;Semiconductors
MA;Finance;Finance/Rental/Leasing
ODFL;Transportation;Trucking
PHM;Consumer durables;Homebuilding
DNLI;Health technology;Biotechnology
ETR;Utilities;Electric utilities
SGHC;Consumer services;Casinos/Gaming
MET;Finance;Multi-line insurance
FUN;Consumer services;Movies/Entertainment
MTCH;Technology services;Internet software/Services
LTBR;Process industries;Chemicals: specialty
PGR;Finance;Multi-line insurance
BKD;Health services;Hospital/Nursing management
CTAS;Consumer services;Other consumer services
DUK;Utilities;Electric utilities
BKKT;Commercial services;Miscellaneous commercial services
PDYN;Producer manufacturing;Industrial machinery
COMM;Electronic technology;Telecommunications equipment
IE;Non-energy minerals;Other metals/Minerals
DD;Process industries;Chemicals: major diversified
HUM;Health services;Managed health care
DDD;Technology services;Information technology services
IVR;Finance;Real estate investment trusts
CRWD;Technology services;Packaged software
RC;Finance;Real estate investment trusts
GEHC;Health technology;Medical specialties
ASAN;Technology services;Packaged software
ZTS;Health technology;Pharmaceuticals: major
AXP;Finance;Finance/Rental/Leasing
PEB;Finance;Real estate investment trusts
AQST;Health technology;Pharmaceuticals: major
JCI;Producer manufacturing;Industrial machinery
SBH;Retail trade;Specialty stores
OEC;Process industries;Chemicals: specialty
AROC;Industrial services;Oilfield services/Equipment
SSRM;Non-energy minerals;Precious metals
ICE;Finance;Investment banks/Brokers
BGS;Consumer non-durables;Food: major diversified
DRH;Finance;Real estate investment trusts
GEV;Producer manufacturing;Electrical products
XNCR;Health technology;Biotechnology
CMBT;Transportation;Marine shipping
DDOG;Technology services;Packaged software
SNPS;Technology services;Packaged software
RUM;Technology services;Internet software/Services
UDR;Finance;Real estate investment trusts
STZ;Consumer non-durables;Beverages: alcoholic
EXE;Energy minerals;Integrated oil
CRGY;Energy minerals;Integrated oil
ALKS;Health technology;Pharmaceuticals: major
ES;Utilities;Electric utilities
MCD;Consumer services;Restaurants
GPRE;Process industries;Chemicals: specialty
OCUL;Health technology;Pharmaceuticals: major
PAYO;Commercial services;Miscellaneous commercial services
MNMD;Health technology;Pharmaceuticals: major
MAC;Finance;Real estate investment trusts
ADBE;Technology services;Packaged software
TER;Electronic technology;Electronic production equipment
SLDE;Technology services;Packaged software
BRK.B;Finance;Property/Casualty insurance
PTLO;Consumer services;Restaurants
GEN;Technology services;Packaged software
IBM;Technology services;Information technology services
SRE;Utilities;Gas distributors
VST;Utilities;Electric utilities
STNE;Commercial services;Miscellaneous commercial services
TNDM;Health technology;Medical specialties
EOG;Energy minerals;Integrated oil
LULU;Consumer non-durables;Apparel/Footwear
CEG;Utilities;Electric utilities
TSN;Consumer non-durables;Food: meat/fish/dairy
APLE;Finance;Real estate investment trusts
LOW;Retail trade;Home improvement chains
PCH;Finance;Real estate investment trusts
HNST;Retail trade;Specialty stores
EA;Technology services;Packaged software
OKE;Industrial services;Oil & gas pipelines
PLD;Finance;Real estate investment trusts
IRT;Finance;Real estate investment trusts
GENI;Technology services;Internet software/Services
AEP;Utilities;Electric utilities
TIC;Commercial services;Miscellaneous commercial services
MQ;Commercial services;Miscellaneous commercial services
SBRA;Finance;Real estate investment trusts
DHI;Consumer durables;Homebuilding
PNC;Finance;Major banks
DG;Retail trade;Discount stores
SRRK;Health technology;Biotechnology
CSGP;Technology services;Internet software/Services
SEI;Technology services;Information technology services
SHW;Process industries;Industrial specialties
PGRE;Finance;Real estate investment trusts
WT;Miscellaneous;Investment trusts/Mutual funds
ADI;Electronic technology;Semiconductors
BALL;Process industries;Containers/Packaging
NAT;Transportation;Marine shipping
ARDX;Health technology;Pharmaceuticals: major
LXP;Finance;Real estate investment trusts
MIR;Electronic technology;Aerospace & defense
WELL;Finance;Real estate investment trusts
AIG;Finance;Multi-line insurance
EW;Health technology;Medical specialties
APP;Technology services;Packaged software
METC;Energy minerals;Coal
ACVA;Technology services;Internet software/Services
RTX;Electronic technology;Aerospace & defense
KSS;Retail trade;Department stores
ALB;Process industries;Chemicals: specialty
STX;Electronic technology;Computer peripherals
BHVN;Health technology;Pharmaceuticals: major
FIS;Technology services;Packaged software
EIX;Utilities;Electric utilities
GNW;Finance;Multi-line insurance
KMX;Retail trade;Specialty stores
CC;Process industries;Chemicals: specialty
NEOG;Health technology;Medical specialties
REPL;Health technology;Biotechnology
TSCO;Retail trade;Specialty stores
ACN;Technology services;Information technology services
EL;Consumer non-durables;Household/Personal care
CNK;Consumer services;Movies/Entertainment
TMUS;Communications;Wireless telecommunications
ADMA;Health technology;Biotechnology
SW;Process industries;Containers/Packaging
KTOS;Electronic technology;Aerospace & defense
TEAM;Technology services;Packaged software
NI;Utilities;Gas distributors
FI;Commercial services;Miscellaneous commercial services
XEL;Utilities;Electric utilities
BGC;Finance;Investment banks/Brokers
PZZA;Consumer services;Restaurants
OMC;Commercial services;Advertising/Marketing services
PPL;Utilities;Electric utilities
COF;Finance;Major banks
ORLY;Retail trade;Specialty stores
CODI;Finance;Investment managers
HON;Electronic technology;Aerospace & defense
BK;Finance;Investment banks/Brokers
CTSH;Technology services;Information technology services
IR;Producer manufacturing;Industrial machinery
AAOI;Electronic technology;Semiconductors
LYB;Process industries;Chemicals: specialty
SOC;Energy minerals;Integrated oil
AMT;Finance;Real estate investment trusts
NPWR;Producer manufacturing;Electrical products
CTVA;Process industries;Agricultural commodities/Milling
PII;Consumer durables;Recreational products
EBAY;Retail trade;Internet retail
PGEN;Health technology;Biotechnology
BBY;Retail trade;Electronics/Appliance stores
PSKY;Consumer services;Cable/Satellite TV
ULCC;Transportation;Airlines
BLND;Technology services;Information technology services
MNKD;Health technology;Pharmaceuticals: major
XRX;Electronic technology;Computer peripherals
FOLD;Health technology;Pharmaceuticals: major
LEN;Consumer durables;Homebuilding
PRME;Health technology;Biotechnology
PANW;Technology services;Packaged software
D;Utilities;Electric utilities
HD;Retail trade;Home improvement chains
CRNC;Technology services;Packaged software
TJX;Retail trade;Apparel/Footwear retail
FRSH;Technology services;Packaged software
EBC;Finance;Regional banks
FLG;Finance;Savings banks
CWAN;Technology services;Packaged software
AVDX;Technology services;Packaged software
WMB;Industrial services;Oil & gas pipelines
BF.B;Consumer non-durables;Beverages: alcoholic
DNUT;Distribution services;Food distributors
CNP;Utilities;Electric utilities
PRO;Technology services;Information technology services
ARR;Finance;Real estate investment trusts
BX;Finance;Investment managers
OUST;Electronic technology;Semiconductors
FLR;Industrial services;Engineering & construction
GS;Finance;Investment banks/Brokers
FE;Utilities;Electric utilities
IBKR;Finance;Investment banks/Brokers
HRL;Consumer non-durables;Food: meat/fish/dairy
HBI;Consumer non-durables;Apparel/Footwear
TSHA;Health technology;Biotechnology
BEN;Finance;Investment managers
NEXT;Energy minerals;Oil & gas production
MDT;Health technology;Medical specialties
IP;Process industries;Pulp & paper
DOCN;Technology services;Packaged software
NEO;Health services;Medical/Nursing services
AZN;Health technology;Pharmaceuticals: major
FTNT;Technology services;Information technology services
NWSA;Consumer services;Publishing: newspapers
ALIT;Technology services;Information technology services
NTLA;Health technology;Biotechnology
LBRT;Industrial services;Oilfield services/Equipment
GLW;Electronic technology;Electronic components
EXC;Utilities;Electric utilities
XYZ;Commercial services;Miscellaneous commercial services
APO;Finance;Investment managers
O;Finance;Real estate investment trusts
CPRT;Retail trade;Specialty stores
SO;Utilities;Electric utilities
PDD;Retail trade;Department stores
VICI;Finance;Real estate investment trusts
NUVB;Health technology;Biotechnology
MGM;Consumer services;Casinos/Gaming
EQT;Energy minerals;Integrated oil
CAT;Producer manufacturing;Trucks/Construction/Farm machinery
DX;Finance;Real estate investment trusts
NVAX;Health technology;Biotechnology
ORC;Finance;Real estate investment trusts
CL;Consumer non-durables;Household/Personal care
ABBV;Health technology;Pharmaceuticals: major
SYRE;Health technology;Pharmaceuticals: major
KIM;Finance;Real estate investment trusts
UPST;Finance;Finance/Rental/Leasing
CPB;Consumer non-durables;Food: specialty/candy
SYF;Finance;Finance/Rental/Leasing
BANC;Finance;Regional banks
PPTA;Non-energy minerals;Precious metals
MDLZ;Consumer non-durables;Food: specialty/candy
PAGS;Commercial services;Miscellaneous commercial services
MOS;Process industries;Chemicals: agricultural
DXCM;Health technology;Medical specialties
V;Finance;Finance/Rental/Leasing
GIS;Consumer non-durables;Food: major diversified
APH;Electronic technology;Electronic components
NNE;Producer manufacturing;Electrical products
SATL;Electronic technology;Aerospace & defense
UNH;Health services;Managed health care
BA;Electronic technology;Aerospace & defense
KR;Retail trade;Food retail
COP;Energy minerals;Oil & gas production
ARRY;Electronic technology;Semiconductors
BAX;Health technology;Medical specialties
KKR;Finance;Investment managers
BSX;Health technology;Medical specialties
ADM;Process industries;Agricultural commodities/Milling
ABNB;Consumer services;Hotels/Resorts/Cruise lines
EVGO;Retail trade;Specialty stores
PM;Consumer non-durables;Tobacco
MNST;Consumer non-durables;Beverages: non-alcoholic
UPS;Transportation;Air freight/Couriers
GILD;Health technology;Biotechnology
TGT;Retail trade;Specialty stores
PTEN;Industrial services;Contract drilling
HST;Finance;Real estate investment trusts
WY;Finance;Real estate investment trusts
CVX;Energy minerals;Integrated oil
ABSI;Health technology;Biotechnology
VTRS;Health technology;Pharmaceuticals: major
PGY;Technology services;Packaged software
LVS;Consumer services;Casinos/Gaming
CARR;Producer manufacturing;Industrial machinery
MO;Consumer non-durables;Tobacco
UAL;Transportation;Airlines
PCT;Industrial services;Environmental services
ZETA;Technology services;Packaged software
INVH;Finance;Real estate investment trusts
APA;Energy minerals;Integrated oil
CFG;Finance;Major banks
CNC;Health services;Managed health care
SG;Consumer services;Restaurants
MRNA;Health technology;Biotechnology
DLTR;Retail trade;Discount stores
DELL;Electronic technology;Computer processing hardware
IPG;Commercial services;Advertising/Marketing services
RUN;Electronic technology;Semiconductors
IVZ;Finance;Investment managers
BTDR;Technology services;Data processing services
SBUX;Consumer services;Restaurants
GRND;Technology services;Internet software/Services
POWI;Electronic technology;Semiconductors
AES;Utilities;Electric utilities
AI;Technology services;Packaged software
NG;Non-energy minerals;Precious metals
WDC;Electronic technology;Computer peripherals
EU;Non-energy minerals;Other metals/Minerals
TROX;Process industries;Chemicals: specialty
DIS;Consumer services;Movies/Entertainment
TDOC;Health services;Medical/Nursing services
ON;Electronic technology;Semiconductors
MS;Finance;Investment managers
TTD;Technology services;Packaged software
ABT;Health technology;Medical specialties
AEO;Retail trade;Apparel/Footwear retail
AMAT;Producer manufacturing;Industrial machinery
PEP;Consumer non-durables;Food: specialty/candy
DVN;Energy minerals;Integrated oil
PG;Consumer non-durables;Household/Personal care
QCOM;Electronic technology;Semiconductors
SHOP;Commercial services;Miscellaneous commercial services
BTU;Energy minerals;Coal
META;Technology services;Internet software/Services
USB;Finance;Regional banks
NEE;Utilities;Electric utilities
SCHW;Finance;Investment banks/Brokers
ENVX;Producer manufacturing;Electrical products
GM;Consumer durables;Motor vehicles
OXY;Energy minerals;Integrated oil
MCHP;Electronic technology;Semiconductors
NEM;Non-energy minerals;Precious metals
CRM;Technology services;Packaged software
FITB;Finance;Regional banks
BKR;Industrial services;Contract drilling
COIN;Finance;Investment banks/Brokers
NKE;Consumer non-durables;Apparel/Footwear
ONB;Finance;Major banks
MRK;Health technology;Pharmaceuticals: major
DOW;Process industries;Chemicals: specialty
RCKT;Health technology;Biotechnology
AMPX;Producer manufacturing;Electrical products
TXN;Electronic technology;Semiconductors
SHLS;Electronic technology;Semiconductors
KMI;Industrial services;Oil & gas pipelines
HAL;Industrial services;Oilfield services/Equipment
COMP;Technology services;Packaged software
TFC;Finance;Regional banks
RDW;Electronic technology;Aerospace & defense
LRCX;Producer manufacturing;Industrial machinery
NCLH;Consumer services;Hotels/Resorts/Cruise lines
ARIS;Utilities;Water utilities
CRDO;Technology services;Information technology services
MVST;Producer manufacturing;Electrical products
DAL;Transportation;Airlines
LUMN;Communications;Major telecommunications
LUV;Transportation;Airlines
PTON;Consumer services;Other consumer services
XOM;Energy minerals;Integrated oil
UBER;Transportation;Other transportation
KHC;Consumer non-durables;Food: major diversified
HTZ;Finance;Finance/Rental/Leasing
TE;Producer manufacturing;Electrical products
GT;Consumer durables;Automotive aftermarket
MSTR;Technology services;Internet software/Services
HUT;Technology services;Data processing services
RCAT;Technology services;Packaged software
TTI;Process industries;Chemicals: specialty
CTRA;Energy minerals;Integrated oil
CSX;Transportation;Railroads
CVS;Retail trade;Drugstore chains
CORZ;Technology services;Data processing services
ARM;Electronic technology;Semiconductors
CDE;Non-energy minerals;Precious metals
PYPL;Commercial services;Miscellaneous commercial services
SLB;Industrial services;Contract drilling
ASPI;Health technology;Pharmaceuticals: major
FUBO;Technology services;Internet software/Services
PL;Technology services;Packaged software
JNJ;Health technology;Pharmaceuticals: major
HL;Non-energy minerals;Precious metals
ANET;Electronic technology;Computer peripherals
BE;Electronic technology;Electronic production equipment
KO;Consumer non-durables;Beverages: non-alcoholic
SERV;Producer manufacturing;Industrial machinery
DBRG;Finance;Investment managers
MSFT;Technology services;Packaged software
FLNC;Producer manufacturing;Electrical products
RZLV;Technology services;Packaged software
INDI;Electronic technology;Semiconductors
CSCO;Electronic technology;Telecommunications equipment
MRVL;Electronic technology;Semiconductors
FAST;Distribution services;Wholesale distributors
MU;Electronic technology;Semiconductors
JPM;Finance;Major banks
CAG;Consumer non-durables;Food: major diversified
FCX;Non-energy minerals;Other metals/Minerals
BMY;Health technology;Pharmaceuticals: major
KDP;Consumer non-durables;Beverages: non-alcoholic
ORCL;Technology services;Packaged software
GOOG;Technology services;Internet software/Services
KVUE;Consumer non-durables;Household/Personal care
LUNR;Electronic technology;Aerospace & defense
CCL;Consumer services;Hotels/Resorts/Cruise lines
UEC;Non-energy minerals;Other metals/Minerals
DOC;Finance;Real estate investment trusts
SMCI;Electronic technology;Computer processing hardware
WBD;Consumer services;Cable/Satellite TV
CMG;Consumer services;Restaurants
VLY;Finance;Major banks
HIMS;Health services;Medical/Nursing services
HPQ;Technology services;Information technology services
KOPN;Electronic technology;Semiconductors
AVGO;Electronic technology;Semiconductors
GOOGL;Technology services;Internet software/Services
AMCR;Process industries;Containers/Packaging
VZ;Communications;Wireless telecommunications
OSCR;Health services;Managed health care
CMCSA;Consumer services;Cable/Satellite TV
SMR;Producer manufacturing;Electrical products
PCG;Utilities;Electric utilities
SLDP;Producer manufacturing;Electrical products
OKLO;Producer manufacturing;Industrial machinery
RIOT;Technology services;Information technology services
HBAN;Finance;Major banks
KEY;Finance;Major banks
NB;Non-energy minerals;Other metals/Minerals
WMT;Retail trade;Specialty stores
HOOD;Finance;Investment banks/Brokers
C;Finance;Major banks
EOSE;Producer manufacturing;Electrical products
IONQ;Electronic technology;Computer processing hardware
HPE;Electronic technology;Computer processing hardware
ATXS;Health technology;Pharmaceuticals: major
AAPL;Electronic technology;Telecommunications equipment
WFC;Finance;Major banks
JBLU;Transportation;Airlines
BCRX;Health technology;Biotechnology
PFE;Health technology;Pharmaceuticals: major
BAC;Finance;Major banks
T;Communications;Wireless telecommunications
ABAT;Non-energy minerals;Other metals/Minerals
RF;Finance;Major banks
AMZN;Retail trade;Internet retail
APLD;Technology services;Data processing services
PLTR;Technology services;Packaged software
CLSK;Technology services;Data processing services
UAMY;Non-energy minerals;Other metals/Minerals
QUBT;Technology services;Information technology services
CIFR;Technology services;Data processing services
UUUU;Non-energy minerals;Other metals/Minerals
RIG;Industrial services;Contract drilling
AMD;Electronic technology;Semiconductors
MARA;Technology services;Data processing services
TSLA;Consumer durables;Motor vehicles
QBTS;Electronic technology;Computer processing hardware
BTBT;Commercial services;Miscellaneous commercial services
WULF;Technology services;Data processing services
ACHR;Electronic technology;Aerospace & defense
SOUN;Technology services;Packaged software
CRML;Non-energy minerals;Precious metals
F;Consumer durables;Motor vehicles
RXRX;Health technology;Biotechnology
RR;Consumer durables;Electronics/Appliances
JOBY;Electronic technology;Aerospace & defense
INTC;Electronic technology;Semiconductors
RGTI;Electronic technology;Computer processing hardware
NVTS;Electronic technology;Semiconductors
BBAI;Technology services;Packaged software
PLUG;Electronic technology;Electronic production equipment
NVDA;Electronic technology;Semiconductors